,產業別,96_1,96_2,96_3,96_4,96_5,96_6,96_7,96_8,96_9,96_10,96_11,96_12,97_1,97_2,97_3,97_4,97_5,97_6,97_7,97_8,97_9,97_10,97_11,97_12,98_1,98_2,98_3,98_4,98_5,98_6,98_7,98_8,98_9,98_10,98_11,98_12,99_1,99_2,99_3,99_4,99_5,99_6,99_7,99_8,99_9,99_10,99_11,99_12,100_1,100_2,100_3,100_4,100_5,100_6,100_7,100_8,100_9,100_10,100_11,100_12,101_1,101_2,101_3,101_4,101_5,101_6,101_7,101_8,101_9,101_10,101_11,101_12,102_1,102_2,102_3,102_4,102_5,102_6,102_7,102_8,102_9,102_10,102_11,102_12,103_1,103_2,103_3,103_4,103_5,103_6,103_7,103_8,103_9,103_10,103_11,103_12,104_1,104_2,104_3,104_4,104_5,104_6,104_7,104_8,104_9,104_10,104_11,104_12,105_1,105_2,105_3,105_4,105_5,105_6,105_7,105_8,105_9,105_10,105_11,105_12,106_1,106_2,106_3,106_4,106_5,106_6,106_7,106_8,106_9,106_10,106_11,106_12,107_1,107_2,107_3,107_4,107_5,107_6,107_7,107_8,107_9,107_10,107_11,107_12,108_1,108_2,108_3,108_4,108_5,108_6,108_7,108_8,108_9,108_10,108_11,108_12,109_1,109_2,109_3,109_4,109_5,109_6,109_7,109_8,109_9,109_10,109_11,109_12,110_1,110_2,110_3,110_4,110_5,110_6,110_7,110_8,110_9,110_10,110_11,110_12,111_1,111_2,111_3,111_4,111_5
0,水泥工業,4710370,3507860,4345818,4087149,4145500,3594099,4185758,3505374,3756134,4042213,4011998,4288562,4403181,3028904,4222780,3994775,4124812,3803966,3741451,4121965,3600555,4242406,3787715,4051664,3298397,3205001,3849158,3344557,3667925,3586108,3709373,3317100,3545496,3434465,3228356,3640364,3862049,2777427,3723144,3509950,3484592,3154797,3504954,3388127,3359185,3380225,4033652,4287102,4260821,2684445,3994404,4022657,3667195,3714779,3741081,3648462,3831495,3850671,3805552,4075499,3348139,3370829,4279750,4062436,3892899,3612118,4093423,3817440,3970103,4302345,4169186,4100859,16972856,9099023,16628616,17528976,17444029,17009293,17480460,17211858,17620878,19260414,20267728,20840985,17930828,10339592,20025052,20312201,20096893,18306415,18646873,18144334,18068218,19269990,17778146,19105313,17748399,9272095,14543073,15930996,15326305,15552390,15532948,14299008,14107860,15737799,15251190,16100562,13039654,7155371,14433039,14383103,14893160,14476318,13987557,14002975,13501045,15328704,15881114,17291802,11644158,10016844,15953849,14968856,15682473,14423068,14599291,13864495,15479426,15538838,18304045,19734864,17969058,9091598,17636323,19711257,20912858,19791166,19579855,19369227,19796880,21254538,20970915,19845281,19164929,9031099,20802415,20806183,21145402,18932272,19885768,19121906,19214389,20038762,21727505,22300871,14136827,9122019,16262956,18931118,19213429,18436089,18792530,18178900,18815672,19703782,20781676,21411429,18033987,9058675,18943976,19467245,19377987,17032017,16446563,17705599,18945697,20860429,20738870,22248155,16747415,10528814,19959347,18805611,17510737
1,食品工業,12212624,10243533,11495340,11203346,12860855,12327014,13279814,14668099,13254267,13451859,12954278,13451996,16117965,12033514,13986456,14089687,14713385,14745319,16390583,15422222,14338193,14235881,13136196,14788814,13628778,11630484,13385480,13043108,13812777,14276746,14357621,15467767,13884168,14064774,13255264,14060365,15063973,12327395,13723878,13943943,13962779,14177549,15898411,16478418,15083696,14925190,15170193,15796170,17757584,12746402,15747489,15248749,15601834,15326042,17138601,17488634,16724883,16018222,16011232,16394364,15695456,13765022,15790618,15132257,15670741,15510340,17828749,18822669,16520788,16301476,16175414,16261202,64419715,47051769,56042522,55671212,57575725,57125387,61926378,63078003,59396656,56588115,53154917,53284722,66303579,48920151,56785298,56500771,57371556,57783831,61554613,61749963,59766812,57296372,52841190,54285636,62993384,49019197,54256598,52600704,53824105,56707867,57748074,59631182,58372216,54384846,50385122,51156360,62974333,47000258,54436095,52061898,54716656,56290283,55052862,59590019,56685575,54077913,51882125,53002858,56969934,45222032,52780524,50880048,53318416,53597678,55349206,60176783,58721038,53574181,51886831,52476469,61684499,48035679,54535800,53970356,58616986,57291156,59162287,62506767,59752801,55988678,55078111,54880824,66835571,45746293,56469244,57275865,60146325,59894640,62678365,66080907,62109820,59439039,57320577,58329310,63477154,48333272,56846969,56106072,57561343,60611199,62746132,65286867,65845002,59786466,59811614,60968632,72995806,51040615,62736839,63678255,64671236,65515143,68176457,67703366,68724535,64788047,67465050,66723397,78119692,55064385,69128233,69165830,69269538
2,塑膠工業,56082204,47892144,64177348,62428885,68764564,65624396,70791610,71262252,71149463,74085213,74798612,75936135,76141552,70710247,75516060,72759348,78670848,82237051,78939261,64507053,57112190,46169994,34036942,36704994,34158117,44100119,48411457,55188069,54278981,59541212,59954549,61306790,54912160,57730215,60705843,65964520,69449805,59967713,74704311,75535789,73653474,66737595,69005915,72873854,67493091,68575440,71190024,74036493,76747184,70455949,85161378,78113672,71204861,60609350,69105036,67821556,63810996,60477549,60150772,65322290,63284396,73740228,77033132,70358963,65991075,59190303,63398618,66826652,62214301,64245327,66895358,68440908,103197977,87176556,99169930,103122187,107427404,100449650,104666472,109860227,101558158,103663533,104886126,109118741,102958314,91550423,103472527,108894445,108940412,107647488,109940468,104675842,97873277,94318220,93954004,94135866,90900000,76317678,98891170,98738195,97304217,91808210,88024328,82176982,84158026,83889929,80903832,80898364,78131266,66756910,93110979,85076366,83553777,82621867,85137617,84213040,80883141,84439602,90623756,94699134,88454481,87074133,96352592,89202366,89641117,92694954,92304126,96950091,97002352,95800436,101274091,106967840,107600750,86219515,110434287,104692333,110458272,106797131,106565841,110577708,107285309,107866096,101103438,98497258,99905376,80279326,98929968,96379852,93969465,87771278,92131121,88774591,84976794,86114801,84469822,84940514,75165152,67662840,76851127,69071412,66658241,72543550,75485721,73883722,79807401,83977249,90461996,98450589,98816374,86627611,118703178,119473527,116745886,115541247,116626538,118890219,114887674,121712690,120541242,117161182,114504785,100244824,127628191,116934876,119555369
3,紡織纖維,21970793,17521373,24636783,22387945,24040017,22827929,23240819,24178276,23679948,24223646,23233291,22115757,22756209,20634987,25063462,22213636,22463436,22985454,22173989,21296220,20764985,19276394,15431231,16714536,13364649,16540635,18948302,18965847,17961143,19236055,19571927,19285530,19867177,19577769,19891950,21984941,21541818,18238520,25191206,24304657,24245551,22643247,23692742,24787938,24092625,26206825,25372762,26210198,26614202,22206992,30947273,26656505,24301418,25618637,26717193,27523768,27112286,24828728,23733346,25640499,23103216,26653628,27545260,25165099,25655144,23497881,26254811,25706163,27602310,25731889,23176761,23537269,45580253,37746724,45459355,43697064,47646847,45608820,45868164,46570766,45666627,46254330,43747972,45467218,44896366,42325884,45405806,44994932,45406818,45527245,46031050,46618904,46835431,46708794,43525193,48845683,42138844,36963645,44760781,44360913,42927509,43778383,42934541,41916074,43433004,45248176,40662028,43927459,40987745,34643002,43435503,40930691,40605351,41356668,41386435,42776695,41651134,41357185,40911410,45917893,37606380,37747532,43775719,38919508,39717681,42184090,41574175,47398096,46469995,44985344,44981667,46161827,44718119,36756522,44968435,42578229,46647105,47138371,48596802,50676772,51914393,49152253,46552378,46696323,48859743,39964542,50420138,47493555,51254871,47684035,49033898,48603452,48294762,46049261,43589832,45358516,38696759,37104121,40889220,30638102,32363561,37196225,37389392,40156736,42051208,40613965,40714884,46340618,43092351,38407123,47855392,44428431,45631547,46180346,48016015,46150313,45617996,47540360,50464017,52867443,49089066,45140549,55349516,51185707,53245342
4,電機機械,12183940,9541210,13905502,12550044,13532025,13457681,13095997,13624250,13468670,13735327,14568833,15416432,14157394,10882802,14685431,14236443,14332130,13928640,14558464,13235689,13674183,12904978,11510876,12551228,9048127,9676253,10916476,10521438,14445065,10564163,10797311,9893380,11188017,10420352,11238410,13065824,11614818,9421279,13105550,13385506,12366012,13381809,13219532,12587454,13030351,13031870,13262588,14686815,13012120,11869209,14884510,13860547,14482005,15985152,14734351,14896024,14742514,14330819,14442551,15011479,12995296,16501576,19577336,18571639,19610276,19245190,18558234,18147892,18109146,17098999,16580367,18903404,26133945,20944696,26149207,26544510,29220520,28485868,28028227,27963346,27884874,27425164,27937845,30045994,26701012,24520194,30600741,27261511,28082317,31537874,28407800,27232904,29369831,28889515,28423231,32753380,27556105,22535432,28443428,25634858,26059106,27735056,25364246,26339964,27908947,26037726,24659684,28708654,25465204,20414312,26557410,25756462,25999489,26523773,24732397,25044435,25412324,25339963,27485209,31030580,23995078,22879316,27492275,25722710,26145954,28521436,27606236,28615471,29116632,28494682,30850572,32011432,28920416,22416143,29319301,29128796,29144796,30203962,29272375,29656580,30194249,27617037,28595593,29323317,25627753,19533854,25888936,24271756,25100507,25339263,23792110,22954548,23569661,22446855,24245860,27637210,20904258,18384188,23626044,21751020,21716445,24627712,24240202,23817652,25031773,24712432,25818592,32620997,26829679,21295135,29657094,28037882,27923730,29639875,28505819,28575072,28253143,27613310,29465418,32536837,28777972,23100039,30698764,25850010,26966823
5,電器電纜,13710452,11435532,15062224,16090739,16764980,15596391,14410819,13363052,13985913,12757285,12032133,12113619,12386215,11064146,15868632,14778374,13395416,13192292,13123085,12549462,12478351,10401615,7445336,6115388,5757984,6613787,10018143,10814454,8541594,10189605,10173921,9687223,10398839,10451488,9549428,11594962,11558094,10406433,13476740,13154319,13616317,12854020,13226579,12948479,13035252,12041112,12132051,12000453,12166495,10348747,14792026,12967093,12475629,12854442,12740333,12761528,13006323,11179314,10659604,11411102,9593216,11773868,14136244,12882582,12694764,12711612,12745317,12044638,11907420,11623882,10887402,11277230,19870090,15043206,19861425,20500109,19891771,20090383,19826196,19172922,18855289,18979287,19948779,21647648,18914208,16946890,20318980,20864498,21874784,21323307,21791719,18908355,23836166,18489946,19069038,19880801,19359238,14895574,20048562,20113654,19987000,19538748,19636521,17620924,18316296,18312507,18069032,19329317,17216259,13951598,17932651,17632013,18367191,18835764,18487737,18328488,18168377,17412788,17672241,21448492,17095880,16266593,21108498,19346795,19313044,19458855,21078612,20399588,26883835,19936229,20864658,22148390,31164113,15801477,22223987,25829592,22067209,23658512,22909994,23180074,19476049,20383860,20211917,20517192,20025412,14138246,20121302,20501323,19733546,16504528,17134013,16087596,16746536,16252881,15079110,18346394,13363718,11621278,15239979,18661619,13602726,15257599,16398042,15579240,17572371,15811511,16061946,18732140,17759834,13028068,19573903,20317608,21425558,22699405,22593081,21250503,22559536,22026887,22820818,25525949,21654550,19243412,25076592,25213742,25773498
6,化學工業,13655199,10884921,14553895,13907186,15331580,14146797,13869432,14839409,14139686,14987345,15240252,15216789,15991287,14578954,17221447,17345223,19955481,19911164,19148483,17884841,16152893,14701513,10741454,9466838,9397456,11207871,12333354,13397970,12718619,13311165,14253058,13200717,13439955,13995655,13366386,14815450,15310663,12784152,18304763,17309095,17033445,16426268,17337351,18669398,15972512,16371208,17059557,16974868,17580130,11275308,20318878,18992053,18559361,16911897,17462005,18808249,17566656,16510496,16615264,17272660,13407741,17722482,19474331,17623907,17580231,16294934,17013608,17075452,17148994,18142426,16992045,17745754,22267960,17584359,21755528,21556009,21398966,20668396,21077958,22332538,21554465,23430474,20980327,23159893,22840857,18401507,22892239,23828606,22424452,21479985,21859149,22169345,22871597,22799457,21794020,27367273,21261366,16536203,23014975,21506481,19958758,20276565,21467489,19216279,18488236,19890732,18444413,20679529,18805151,13915300,20482644,19202327,19199911,18934286,18997128,19502298,19101184,20048060,21803907,23652388,20666568,19146096,23138916,20016740,22083037,22960777,22485877,24769735,25192601,23079803,23682905,24041914,24882055,18622040,26230392,26065024,26131877,25265757,24735883,25670459,25873945,25670825,23941257,23327416,24770230,18428954,24672178,24037461,23216726,21404713,23344815,22158685,22786635,22510975,21112799,20740969,18964089,17530380,21442629,19577071,18742929,22265217,20278187,19574549,24116163,21147157,22398059,22500507,23883079,18301888,26273582,25201179,24026554,24227476,24434750,24484785,24820126,25819662,26707991,27146707,27274895,22267129,29856859,27794511,27022621
7,生技醫療業,2131329,1712153,2098703,1978883,2325898,2101295,2145508,2199558,2113619,2159011,2579898,1950857,2172969,1486507,1915383,1901842,2063631,1999555,2087134,2016414,1886572,2000868,1851133,2103259,1792859,1825799,1997412,1965777,2019516,2054005,2127304,1917535,2096595,2104988,2308163,2508573,2594932,2655967,2756344,2679555,2443825,2646620,2819314,3112016,3455725,3369283,3160160,3197322,3041936,2294409,3466861,2992992,3231915,3061159,3223338,3476564,3980879,4222750,3911399,4094811,3262629,3012939,4535036,3969970,4311425,4039543,4190914,4633745,4790687,5035495,4765990,5092283,5608165,4375015,5788517,5610079,5752112,5381822,5792058,6121047,5886414,6224672,6622691,7456907,6237078,4977501,5903654,5972248,6513055,5821060,5800254,5881677,6542139,6849103,6799549,7893800,6543483,5451526,6880606,6406460,6435866,6686958,6603950,6468558,7457200,7628090,7615754,8822463,7302790,6188305,7635760,7456320,7511580,7328687,6980688,7670691,7658152,7686989,8407820,9380426,7289286,6157281,7764066,6679891,7162476,7271066,6874491,7809715,7989797,8096708,8468149,9457745,8000811,6585991,7865880,7225742,8129261,8166729,7585491,8553285,8639893,8752410,9182084,10282942,9157767,7248687,8675137,8249453,8697143,8518062,8566232,9020245,9094591,9365037,9971436,12711772,8297766,7905305,9431136,8943505,9148234,9634806,10106363,9725189,12093272,11976997,11916174,13855310,10960936,9326521,10714184,9936316,10399968,10147912,9674112,9959138,11383896,10969731,11297157,13020150,10449697,8929850,11331252,9696774,10405732
8,玻璃陶瓷,2102931,1294459,2295507,2058387,2141930,2035315,2185418,2314756,1967127,2183105,2027094,2041100,2093116,1517433,2214624,2079341,2239722,2153131,1948850,1839119,1733104,1725562,1394200,1416940,1040634,1176977,1518503,1380248,1409276,1604001,1633597,1738564,1578124,1791357,1649312,1800058,1951658,1398531,2132751,1961003,2000125,2105092,1873826,1958680,1950287,1702920,1736983,2036363,1831164,1387694,1986937,2058023,1844232,1897999,1932442,1884636,1778162,1671036,1748725,1848003,1539781,1598286,2048433,1990794,2026920,1855647,1931541,1800953,1794793,1947345,1847402,1948283,4183351,2707960,4424391,4537218,4575237,4313068,4699458,4935171,5183590,5451999,5272055,5397012,4164858,3671050,5090297,5272911,5429080,5224195,5266222,5159852,5236364,5218641,5106666,5374464,5052389,2833740,4871735,4871851,4823649,4926430,4990966,4833201,4985349,5320252,5202463,5800975,4675441,3126024,5190577,4879810,5065382,4887944,4925968,5436411,4990854,4991425,5302154,5422268,3903674,3969571,4997033,4868997,4765912,4987378,5074795,5478911,5478038,5397028,5522392,5778368,5365207,3124899,5770002,5293800,5466339,5314919,5257778,5594450,5009672,5013553,5217916,4947617,4537631,2627710,4746081,4688025,4972590,4662321,4965397,4845158,5209978,5022259,5050745,5332121,3191262,2461238,4242411,4066141,4142682,4508796,4793836,5210956,5437843,5223468,5610743,5899061,5102741,3427336,5995384,6066554,6313680,6034777,6420906,6375185,5818728,5691328,5794035,6123732,4785496,4741467,5084081,5085585,5351753
9,造紙工業,5327407,3860516,5793235,5184560,5528656,5395252,5613298,5691853,5171846,5596673,5538880,5571510,5287833,4890984,6026721,5766451,5893846,5271116,5034218,4909641,4795082,4819859,3845363,3935120,2787813,3411612,4036033,4046476,4045724,4461629,4267684,4205878,4529187,4616789,4758832,4979225,4990326,4046880,5814263,5480562,5127226,4913946,5032773,5070763,5357394,5247495,5339682,5443680,5273491,4174235,5811903,5334885,5341156,5138574,5132347,5227725,5591699,5278210,5229676,5259780,3962719,4991692,5641129,5469640,5436552,5031505,5162197,5122948,4790331,4874680,4894004,4635485,13054091,9759232,12033383,12075022,12093043,11418459,12655003,12536459,12168652,12576878,12752456,13818418,12469073,11236139,12367516,12976378,12954312,12650997,13118893,12912276,13214537,13684927,13307483,14739974,13772095,10078420,13593433,13181077,12978621,12655324,13459466,12974049,13267189,13149002,12892170,13322083,13284362,10000507,14014690,12988864,13347434,13177766,13335388,13461757,12747239,13138381,14237277,15671537,13504740,13084625,14809336,12860877,14152242,14545117,13968474,16378678,17301794,17271241,15772301,16608917,16255675,11631733,17696326,16463853,17455820,17457880,17078085,17563644,15560436,16656852,16299533,15886860,16402654,11694042,15622393,15660867,15465416,15045466,15567136,15428561,15158841,15512237,15888383,17493386,12261161,11007584,13989915,14132757,13151313,14178204,14895136,15477025,17125795,16846729,17313933,19020410,18636588,14537335,17872468,17630701,19787360,18973922,18349799,17191855,19109280,18940183,19686383,20209581,18697761,14689839,20392480,17603163,18617189
10,鋼鐵工業,46801659,38584901,52556608,48107902,49768063,46649365,44830800,44815482,44760874,49732896,48757288,51092641,55989410,46673130,60853631,61038049,63844527,63043023,63795274,62312503,55047396,49667026,35698203,33496974,25642322,29462092,31061468,29471270,29984951,35162685,36435146,35075706,36345019,38832240,37249617,42828616,45054067,34811211,48998234,48005359,49139444,46070655,46625182,48480079,46659479,46430202,48436611,50368541,50900206,41574398,55988286,53789896,51194239,50295317,50069891,50833584,50727954,48953772,46998911,46417491,39870190,46671970,51331260,49508473,49180756,43451265,44280490,40876364,38583748,40543856,40707151,42258999,68025707,51642693,66188791,61692371,61221180,55720225,60964379,60755731,59437977,62263385,59769574,62142338,64888725,58162228,66381290,65168345,66550620,65877612,66318794,64007554,64257851,63910502,60382365,64172342,63391769,49208957,61659791,56396125,53908598,53596728,53241283,49224827,46912492,47953738,45726596,47967081,48716841,39450725,54435941,50465688,53896738,53203847,52095392,54830201,49972556,54575968,57650400,59777156,56159680,56138148,68447710,58126072,62477681,59526125,61178067,66104956,64955317,64490343,64969347,66693318,72038015,58574640,74451013,70499408,76085866,73722166,75348587,74004513,71622488,76063027,69872996,68344271,74595398,57973913,72676331,69955811,69741706,61891072,66215982,65782604,61327082,61076667,58757314,63505687,53570117,56697261,61713587,53769473,50908110,54116702,55156637,57358215,59420050,60677060,64766625,69032835,70578779,64490295,82333958,81727385,87364425,89064314,92632957,91531306,92428067,94481777,96867738,89515592,88505269,77481953,99473588,101214785,95919833
11,橡膠工業,4334216,3659221,5515433,4853954,5274683,5347136,4946994,5316694,4866821,4981762,5162999,5221522,5196635,4728150,5498800,5746140,5829570,5899893,5832937,6049918,6002743,5685940,4577409,4185801,2668141,3621993,4402088,4388856,4067906,4667659,4433080,4552964,4876684,5022579,4855857,6136976,5338744,4445324,6233604,6036140,6038653,6505135,5833329,5995033,6312649,6300558,6473520,7324027,6075971,5451401,8214661,7166404,7549820,7870926,6652454,7463578,7553853,6448594,6669197,8120032,5193426,6768218,7296846,7049243,7475545,8022758,6466961,6762670,6022379,6400474,5659946,5946703,21296368,17659943,23868792,23311419,24362553,22605697,22375777,22823388,21205595,20452732,20768355,24389202,19838567,19163852,23940891,22692442,23460939,22379077,22262728,21817923,22344721,21053456,20257429,19791858,20475654,15390715,21782534,20322410,20146095,20264393,19092809,19058574,19229322,18882006,17758798,17424011,18640585,15076898,21131747,19328085,20547442,19582757,18724975,18604558,18818533,17735732,18840224,19457467,17783505,19266459,22641522,19701642,20071025,19958976,19253617,20062229,19227826,19108573,19402433,18800767,20842230,15246175,22214460,19846101,21038358,20335465,20056692,20578662,19725347,19233377,19437610,18057443,20668878,16121429,21214447,20890047,20880012,19819176,19713311,20445416,19607630,18396576,18538145,17649595,16068957,12644779,17984279,14029428,15363744,16902771,19058399,19967226,20148939,19203881,20157295,21138270,22422435,17472266,24390344,21944001,21231127,20737185,20602124,19641460,18737503,18682987,21458870,18309130,18605903,16436417,21780388,18385936,19642020
12,汽車工業,23082599,11222035,15226638,13715376,14159043,15843871,15506417,11493678,11802321,15420088,13176396,13681238,24185438,8442994,12927247,12420783,11938857,13610874,11573056,6781875,8621254,10989731,6176342,8158569,14526910,8124796,8732795,10661748,12338581,17202358,15937008,10740902,11328323,15945664,17098240,20038967,18503019,13133722,16169627,15414599,16181204,16405937,16718473,11405762,14766331,17765813,16040380,12378397,31297062,17258001,20497921,12085130,13088674,18504490,21886648,15639783,18800246,20247231,17927359,15270342,29812927,16893816,21295830,15180742,19630364,19380259,18703806,15256236,17041869,18615521,15949909,12897429,45086667,25652205,33585655,32009431,34545338,33950385,37769606,31349961,34760853,37335766,38811731,38893113,45013980,28688588,39293256,40810366,42847155,41340287,46253916,35040823,40411316,42106329,40111692,41489065,52846939,31993430,42428012,37260542,41384901,44258590,43802856,31737743,35926046,41421725,40504470,42589189,51481302,29085608,42961486,42246065,41778269,45884773,45064673,35738715,38895730,44659511,43042426,42616855,49889365,34479209,43230551,39289987,39111650,42537503,41752564,39217632,40770650,41216775,45954398,44040556,52037325,33365228,45839413,40658664,45342070,43713268,46161680,40276289,36345697,42975133,43169746,43665303,49665131,29617898,43474315,46118051,45518766,44456871,51343002,39109340,43616349,46617401,48802061,47750512,47804479,36948354,43774515,41203450,40781362,46810787,52335193,40668322,46812483,49233588,50859687,50409832,59133661,38819272,52188959,48904430,49012049,47152974,48087640,44866071,43345774,42845696,46761762,47920653,55313344,37708787,50812010,46245480,42467246
13,半導體業,86139818,76541123,87094443,86631473,89270897,90569682,101114901,108311851,106974054,107301093,98153254,91079506,93911884,82984049,90582763,92132204,92485686,91705946,98371573,98945766,95833008,92586712,65114925,50053197,47446953,51037465,61181564,76141823,80039826,85593623,95643356,98266899,102453738,101308871,100698721,102088098,105109908,94291737,109779072,111305152,112220888,112696941,114649996,116370602,115150218,108996646,106763065,108105709,107746427,77386609,112301136,111487601,108630535,105847147,103690844,107910816,103529736,105885935,101422748,93748066,75973533,92239556,102342139,107663811,112942560,111885635,118523442,119784529,113795581,120310140,112399895,97581964,107482398,91645491,107023858,119291362,120209624,120457700,122952430,124950527,126495741,122601378,113088479,118707914,120003423,114318197,126860173,142898837,143343870,138720943,147905138,152293305,158408251,167512039,149589738,147688285,166909601,124964265,154306154,151453452,144824959,135372199,158474738,145842025,143948612,165766874,145490193,136695346,153885394,122986237,156818463,148331319,159379755,168822436,163671031,185366317,183394253,179752414,182007733,164326859,156892646,146669217,172973247,137891931,155253318,173337392,158571371,185479594,182774530,189121771,185738985,176075764,167878092,137858824,196407332,173762101,209136664,199749855,207229534,230715962,235581422,238120308,226653519,216139709,196757323,157876253,197616283,194538891,203788331,210640444,220578210,250731909,247444020,249874275,247547900,244124673,231565349,215193491,261011475,238123985,236045853,268699257,259832582,288678805,312606191,296144036,307552740,300649453,306298331,271274861,324275448,305959490,316361895,362046004,340642805,362151477,386801787,354699695,383225229,389123587,393827826,352087587,418660227,407002475,424350557
14,電腦及週邊設備業,255060090,231614725,300382792,227976241,229764675,271960918,265755225,302159409,341221464,349494043,346469033,305004075,276940297,237360116,283267900,258917494,251019311,252435808,277088543,281591039,338292544,337352797,273702086,225478750,190538201,227608051,291285999,253766422,240057990,295940530,303253463,303173776,362697552,361973242,375482920,371745638,349226635,314201257,405260051,371154168,388586160,395955587,339378660,380285087,426063264,389497468,390648040,362704889,323713810,243852824,401106054,337586976,346431262,376103793,373861521,370749164,396638248,414197957,392301860,371723176,306570112,345898618,360778648,323966323,346263769,400496705,358755626,345742062,398463130,399301074,403515075,387433268,433580358,354258858,438319034,383830566,402181598,417171120,410745303,419967566,508496171,463158137,503564314,484098733,424767157,366292424,443469814,407000429,418481325,448446346,435125315,440445602,522316440,526046950,529496477,531353755,469572515,363527602,472387918,404798552,407296877,474904499,408241954,443081272,614248850,568934215,529242185,530286305,412608934,358799429,473176251,371950917,395988177,468283570,417732676,459167178,559126669,536764027,557475115,509783407,425143220,402760704,474789394,420614194,447704829,514074672,489617818,516183655,618518755,631885685,605533149,528042595,521938820,411337569,511038615,469410679,497375053,503646958,524044745,561845248,608850614,683215895,655792204,581516705,541191329,391954258,526258580,498487427,511351671,535027924,508654296,525787438,635811321,623827463,620827589,596314623,435970813,336756550,512623570,538232178,570882595,598609575,596966087,590135262,651865899,636841643,704765210,669378836,539691364,430913096,590331270,558355516,539086887,587528333,582139684,585525070,709293908,683307087,756135471,777598236,613899693,530032169,705221370,480969922,565914001
15,光電業,95464444,82064994,101975716,107345958,120475342,125933801,133307714,145803997,162057978,170394367,163546905,146019958,142183376,130645798,149550676,144189693,144240543,124998318,113004459,125368092,129874408,104899382,73340016,60481764,56477402,64842745,66658782,72603687,75271285,82123539,88410720,99946777,106252857,102694636,103401000,97237849,97754518,86635262,133727715,144291557,150180551,146414874,143496385,148847726,150118726,146703855,156111357,143189890,130223514,101554952,155573528,137289323,139682021,137294034,140171583,142362309,143100574,137282605,142583722,138444858,94986309,126393854,140581530,129396697,132425136,128112825,133189350,147297093,147840377,144519156,149245198,141956352,114794080,96151084,127087750,123373825,120551509,112689391,110039879,118302137,117009578,114588667,114991479,110984596,101659661,88043704,115134529,115153274,115329041,113337087,114838915,116109286,119900955,126258311,123441061,121994090,111647875,88723296,113819355,104158616,102626174,102278399,99814435,104683299,112007232,107985302,100873546,97387461,85433248,67174504,83392374,85188440,87577346,89141183,89196391,94233231,98724045,101005067,104254671,107467854,91754293,88955238,100591240,90283653,92078442,93699457,91064362,98169756,97633950,93003924,96088576,91667322,88000788,66365196,81778116,77064315,84051305,86184905,88901738,91716423,91128651,91989140,87783878,84332309,79359341,66453262,81675207,78819415,83890389,81963259,81294360,84760157,85056378,80068764,80121922,78194136,61524320,55880260,73545020,74132439,77327366,80988749,83761898,87411434,93269162,89510963,92630967,96833427,95505974,84903751,106092496,102226793,106315071,110279899,110682065,110949688,109663089,102373134,105518494,107556862,96003794,85597249,98379709,78024965,79705584
16,通信網路業,53255360,47057124,55747686,55191040,50739310,54645125,54012528,56811870,60031131,61742859,62374361,57366705,58907851,52399233,57309500,59220841,57437529,58975254,57612137,61653705,65301217,65770623,64579687,58844048,50216947,49952224,55170284,54400284,54564804,58110543,53693247,54613180,57027782,57020949,58761903,62174762,55663582,50858716,62467771,63763677,65235828,71708282,71615280,72463951,78468946,82418071,90105759,86515801,84496036,76406789,86452426,86795065,89879190,95950639,94403627,99328128,97945793,96962579,86675189,81920393,66438049,69587099,83765833,81170239,82139069,84002045,73143135,75034948,72618763,66892242,74408157,76183335,83461433,71356144,80488013,85439776,99875688,91330461,84037364,83787445,87750865,84011748,84846454,84632034,77885626,67717631,82107144,88350095,88289596,89854789,77075630,81343761,87770287,88140150,88175257,90369185,82599263,72980178,88702869,82096092,78008931,80285894,76225852,76463754,78148394,82564501,83843883,82769133,78024910,68120531,74279920,74828667,76709320,76776981,75389606,78125109,81650975,77318245,78716036,82671956,71174140,66972887,74193182,69779302,72964077,77399060,73201041,73550848,79189374,77048062,82872160,80848461,71505831,62960627,69092865,66069749,72952046,68589772,67770503,72583240,73054551,74840748,78100717,78282016,71828802,59759951,71334085,66828414,69283815,70021094,70212961,72180105,74061550,70954301,71885795,74749065,63842688,56157480,65489822,63907892,66967657,70494562,70669789,74033300,80214355,73490824,84212597,90452907,75307312,66899246,73993606,70271231,73487673,75378060,72561651,74822417,77751427,80278564,86490037,90678456,79390314,69167639,82460467,73735432,81491813
17,電子零組件業,39622321,30676608,39238758,37798331,37213019,37965525,42234063,46335092,47333826,49953718,48580232,43961025,43311836,31888055,41809749,42137790,41995280,40981390,45481760,47413507,47654243,47636174,34993061,27994103,23327734,27710768,34431153,36164322,34520868,37204356,39944637,41145686,44439557,42977850,41986974,42644816,41365915,33447909,44843135,46768691,47477325,48056918,50619515,50865544,51429874,48813484,49263754,47525970,45944963,39563899,49856674,48302983,48203341,46338085,47908552,51443878,51018178,47921592,52158281,47793911,47551182,44948208,51968833,48326270,50733478,48429633,51630693,54722479,54920888,57829725,59796178,53597788,102510247,73453939,94484917,95755731,97061614,92287961,98743757,103651959,107092960,106339061,110094650,107332861,99378301,81092426,100105990,102835156,102696652,99931696,106906551,105855889,113196305,113275376,110938496,110556072,109283581,79271552,98329478,100978499,97813350,103147805,108209801,111005200,121987131,120319059,115447105,106717447,103897386,74796741,102887835,97330746,100896651,102974594,107049205,114015140,118150389,111123153,116132484,113935961,93636766,90362790,105949373,98008468,101204970,108372332,110693820,118390315,126196763,119904861,127068829,119441501,116713174,81579664,109312391,111698263,121307721,122342278,134545126,142436987,142045724,136772259,131532427,115333849,120467104,82626191,112623298,118311998,122638990,123268235,132891987,136721042,139128222,137562700,132615602,124872871,105609486,80215121,119867796,128984315,124238812,124525112,137337431,139930533,151844834,142781905,146017235,146465713,149084859,113527290,146321949,145368368,143148113,143865059,152574716,156502795,161525980,156113932,164108085,165717976,160595102,134716793,165765194,148865717,163431749
18,電子通路業,32814190,26098316,32303628,32789761,31058408,30718847,37495046,37558720,38355142,35782308,37044190,32623406,37231686,28303144,32877559,36647786,33520710,33660165,37304727,34873555,35511159,31130293,25281349,23249264,23102242,25611570,27751073,29640930,26458275,29073108,33662669,34546259,36548499,33449363,28922687,29819636,32539524,26120023,34410898,33326243,30334024,31093771,34611012,33172323,33021675,29279828,33369937,33293310,36063796,25534793,36509901,33661323,31700637,30973287,32198316,31993505,32880413,29664204,32035518,29976661,27684221,28679466,30988190,30554757,31999397,31460199,33550252,33589128,32622508,31528096,32179561,29307811,92637360,64507129,92859355,93096597,94221256,88203047,95909763,96526837,105221038,97557146,104630163,107469592,94360306,85281141,106244663,105960010,103309291,102234498,110000213,109815017,123911634,109874794,107645754,115751863,112692439,76200067,111444993,109774153,104516530,111995668,113881323,117832881,128528729,118655185,124265727,128126920,121524684,84808128,116263743,113159747,117855489,122680692,122144246,132034393,140398977,123274039,134270540,141235458,109249967,103950126,126035953,114681402,119862342,130196029,133619273,144424904,152240294,141992246,151516826,139952658,142228224,96944790,140409913,132935706,145230085,139311331,149277047,167233218,171831708,155315578,155929689,137042640,142149722,97543133,130331928,132907887,140040070,133742192,151474700,158046728,162918872,164642621,160934747,155465178,128571593,113645652,168677342,155669176,139631000,149174395,171196931,163730437,186533771,168247120,187097958,186360598,193779617,144805217,200141418,194874153,192436292,199046971,191675066,211298890,222824059,188998619,227660728,234006984,226079346,175047998,240790435,200309581,207011610
19,資訊服務業,1472937,1083816,1510491,1457794,1472821,1911125,1432641,1485304,1376488,1634065,1562567,1808399,1470958,1328526,1629408,1569175,1427472,1843396,2087406,1834639,1949866,1795731,1681729,2484653,1286263,1669198,1595465,1553875,1387204,1784925,1646215,1757495,2069038,1805398,1994313,3595238,2315029,2146259,3055680,2351250,2532529,3093388,2640202,2470571,2883562,2353970,2593679,4049884,2657955,2227963,3505611,2377919,2628540,3290097,2655056,2629954,3196891,2669624,2793305,4619750,2529978,2777339,3592404,2665199,3012501,3430001,3010290,2878168,2877092,2891170,3116142,4107055,3903837,2921782,4266701,3401862,3829579,4465802,3622118,3246771,4481742,3926822,3811810,6027253,3900474,3563541,4030405,3687087,3755191,4420009,3912349,3825695,4396467,4077865,3992591,6290530,3961722,3175956,4404848,3678639,3574670,4616238,3822091,3869756,4573112,3897237,4185810,6180802,3756283,3022640,4638764,3580599,3797502,4543483,3717389,3949605,4271101,3988169,3948637,6549673,4039173,3777689,4342656,3909712,3680385,4939644,4243232,4344187,4718118,4592341,4278248,6254125,4733809,3489803,5073068,4184140,4202529,5726247,4576503,4575413,5500992,4816626,4579706,6736887,5675456,4369732,5338035,5661497,4904862,6104439,5988036,5692678,6022386,5813371,5534483,8125713,5768226,5584075,5715181,5762034,5668041,6859829,6196165,5598648,6377523,5676334,5813355,7748566,7181118,5155903,7012307,6188037,5719650,6648961,6717344,7687513,7446932,6775178,6555548,8721228,6602087,6250964,7180682,6149024,6267667
20,其他電子業,113904816,93473823,115072172,113058771,113499458,122693975,124415233,127182443,150897824,164628285,169098126,185411625,134622906,115545212,133341626,129944184,130447418,136468164,157644795,173718632,191899880,202293622,166275793,149083501,117293113,103844100,126076345,115994553,112440826,145914364,146654425,128009389,176304131,191958545,178349084,154154254,154826590,136718782,178387819,172480409,183812363,216728819,213208389,237527034,278877636,267833857,255713101,264586031,204376574,170087546,237649818,224211775,217064577,245405677,245427040,234280731,246296686,319759736,330816049,338032089,286693950,249657601,290849561,263713244,253647062,252592645,265210565,242083526,263282765,302665282,376129049,388071574,344726947,254815048,284399180,316300140,325960601,329607303,326403426,308644431,368713521,412609273,488254416,519774627,337863800,277552039,331136401,319098393,292805144,343621964,286651390,303752999,446059411,505544961,554974455,552637872,429630455,304686645,368587932,386250726,334497016,347367966,342786131,324764876,496841919,536777640,551853697,441170465,375840037,310779131,377038282,359441362,333418949,341398585,330798097,353123458,508119674,511337471,522709654,488460902,381882293,320400462,378009068,356043727,317194165,357332509,358649605,365798319,509008422,544065037,629577504,729116800,449588603,314212151,391636847,386793119,394337528,438642264,443072738,450510720,642367563,646481754,653392537,664072128,456040874,294785427,416844414,417527357,425332056,439754049,447134973,449189394,637324848,648091101,652166538,583984068,401431118,241600955,385262608,419333915,426852526,407169800,452954317,470715284,521039160,661441540,729629294,761972581,544074155,434340549,484246786,542476040,495073456,443861742,463190557,446465759,633079801,598418215,668021741,768123290,493112935,493716132,555339203,529045142,546436217
21,油電燃氣業,51107050,45856760,46862170,51051291,55470279,65347360,68407072,67331995,63412535,74234932,71453730,83956922,83894214,79957004,79014876,72233234,98832981,104747134,111827353,92223454,63669157,60435132,40057421,34033148,43178794,41761821,43429701,47872373,54839560,64844249,68045881,64712220,59305332,52148025,65802433,72661915,77698512,64982577,68482984,73271117,77199760,75078950,66993922,51804340,52768001,55557775,61425383,75929657,77652349,79629875,84182580,83558245,74278808,68260416,82015380,38113682,52611312,74383128,73455354,70130100,75511466,76828895,92858032,91239769,71779750,57965167,68113826,76073559,84031210,88102357,88240383,83919744,94184400,87156394,83034112,73921323,71053576,71385217,82101996,91627568,77867669,82300069,86193412,95526898,96289019,90369029,93009639,78846696,76609957,80375140,94572235,83051403,74132142,81941223,67297780,59383528,53780493,54794676,58786380,59131170,70161250,67171991,51927319,50067517,49971337,57338687,51023464,53055331,45602468,42844825,46271804,46291191,53222851,52503870,49452375,45361853,44217482,51764657,51424537,60373639,64489481,56690061,54852622,46060581,54311023,50017433,51679781,57335247,56021856,56289284,58519223,64867256,73904155,62717709,58709609,63642327,71084094,71546424,67548991,74779933,73542711,72998391,68559890,64252865,66601809,56176874,59435183,57267003,62986153,60436770,61875780,58602907,54040323,56308879,51291736,59383839,63100006,50487439,38626864,25848268,29605849,36296956,37925429,34472455,34471571,33900039,38049088,45041044,46974067,45524937,51661121,51178639,57252157,49209635,57894701,57928068,61470104,65248826,64156557,66282225,69319832,56463675,73952415,70141697,89827962
22,建材營造,12233123,9018213,16603242,12577646,15271241,13291680,10310314,12588886,17224580,13602220,13517071,22733739,11441646,10890130,13796846,15931406,13226940,18270997,11934364,11836538,15915453,12585137,11440555,18101045,10669851,10470232,13303262,11485562,12019312,18560312,14301077,14741815,20076753,15903608,13962160,19053832,20686469,13945995,18783041,18218271,16520315,17968078,13478514,14517197,17166311,17264760,13278389,19165785,20687131,15193884,18380468,13195266,14575851,17805815,12738304,12755490,15960981,18231665,14043187,18781305,10899211,10722697,16606659,16815616,18223200,16588283,16212714,14261724,15872205,19014393,19786903,36405196,34834257,16619364,30669626,22666526,26146697,21994275,25855197,25006129,39596190,24620595,27855475,60884233,19701135,17041629,24431256,21219346,21897634,31002961,25456711,30804536,27614548,22123549,26079415,53636387,30610597,23410518,23715670,21363621,22441329,21790509,17740858,21901799,21310524,24584779,25170597,56567012,23549323,17293009,25059470,28129890,27265248,28497960,30499456,24785566,24843542,23600495,22369986,39072961,17049237,15472168,22040806,17671017,18884439,24680221,23849059,24736416,22291354,19886600,30930219,39016614,23976078,18570125,38512993,22430930,24401162,34395355,28044280,29324712,34121808,29925762,30092712,39708737,22916128,16377834,29135649,23416237,22588928,23821551,28922612,22493599,31532037,27081681,32297436,38595699,20030304,17888762,21156853,29356901,25855595,38049769,25813915,26531906,32030936,29560997,42244241,49882601,28363709,20059927,30499832,29538865,27302274,37416202,31100582,27034700,37257624,32194387,40177797,51990990,31798709,21584471,39595514,31671534,28778095
23,航運業,34558702,32709834,34158325,35789779,35401124,37812870,39262647,40631200,40201673,40256290,40267463,40481466,39420062,36516090,37621228,40919350,40740457,42827264,43562318,44079809,42122214,40755855,37294870,33721717,31247127,27603480,27997019,28153104,27516483,26819355,29741645,31018471,30750173,32847297,35168249,37542623,35292851,33712721,37664613,39533538,41006063,43878252,46545820,47113771,43964477,42616571,42605774,42583575,41705442,37173660,39187767,39724260,39705302,41139606,42764246,42124028,39612882,40494521,39373355,40561275,43064608,36858558,41183632,44461200,43058185,44195837,46994232,46323335,43579055,42498849,41014570,41715276,59502836,52596751,58074043,57903368,59498288,62122583,62252561,65136082,61430775,59024565,60082981,61533774,62935887,53324259,61996662,61638875,64278483,64030268,69053802,69505672,65841166,67088036,64776500,71149523,64574037,62498127,65468840,62424532,63315176,63532354,64424052,65947038,61006816,72950852,60884402,61527552,61095509,56510047,57056360,56994047,59764592,59958150,63335247,62645678,59505925,59962935,63560545,65561156,67231658,56094110,63623081,63687815,68641822,69316306,72636544,73664264,67473427,69026046,67730817,71668842,68251849,64606392,67750584,67787669,70314163,73905297,78648741,78888584,76518272,76918437,78954557,81891062,79261483,66852647,74076579,75764038,77160396,78193576,80994785,81588506,76244947,77903583,77951357,80134453,80523063,56941096,57856425,55142158,59232313,59382442,63490488,67676645,68747769,72924580,75077535,84972781,91624484,88913008,97189996,97394710,105243502,113201800,128233679,142332769,145657604,153386471,152899157,159283392,167755764,145875455,161206198,156103552,157094466
24,觀光事業,678528,706555,711263,663102,695832,748173,686833,634944,694352,743267,706559,782966,796043,692626,715300,666673,788793,764176,778329,700016,728389,822940,896456,784677,870172,660059,726155,667085,765192,636208,758625,824423,702687,800184,805900,952970,1029589,1166967,1128687,955497,1040591,1001744,1171432,1271736,1110182,1185539,1913842,2051750,2039617,2261511,2490785,2493213,2620232,2663177,2964038,3058096,3026310,3148309,3014136,2964436,3602105,3381172,3171934,3089115,3293716,3360170,3664778,3686449,4826568,4896768,4277445,4464575,3647527,4551851,3928333,3864769,4162153,4779238,5087395,5105670,4522692,4646619,4041433,4147793,4351569,4620070,4222489,4087194,5046099,5163149,5833304,6066586,5274545,5495478,4853487,4893547,4915754,6018743,5151069,5166061,6136624,5975546,6382006,6127476,5416668,6029219,5255856,5248073,5420022,6267390,4966696,5234022,5918805,6183498,6549652,6141825,5680752,6215884,5318349,5629185,6080371,5893331,5370487,5598738,6520845,6350107,7015807,6712484,5805948,6893089,5902457,6052529,5432815,6801277,6442201,6824591,6606426,6896252,6766906,7142588,6860871,6965818,6399118,6899560,6660567,7140346,7022283,6550267,7347018,7375467,7370525,7179431,6885964,7175280,6890179,6632282,7441919,4747719,2900454,2411214,3349047,3483801,4207719,4921508,4178442,4569409,4305259,4613212,4350208,4529330,4096189,4161926,3070177,1808676,2264392,3131758,3129840,3909722,4276960,5015621,4676104,4153980,4037775,3497061,3080699
25,金融保險業,48086595,38269741,57573981,43828097,44367577,61621538,66937355,35933740,40169309,40898263,20524565,25152092,38518042,38806466,51658885,46209949,42680848,36872044,43717710,54018269,20155926,44712615,27612058,22699171,50866388,46522656,45795462,45288674,40823196,34270411,55576393,43418515,56277790,47420596,48352435,80426191,67781382,41024395,61837073,55577144,54764040,48848622,60218565,63525773,62525546,65884576,55893626,74606092,55250838,44397722,57867351,54960536,58330518,59592331,79175170,43906810,37730257,58457454,34064865,48530588,53795317,60186916,56718435,48810918,52780897,62549426,78882106,55894809,55568719,55236180,53627606,60580749,169445923,97759969,134617699,131919970,135556199,119516197,178878171,121279570,124263464,151863963,128198268,200180452,185685560,125387024,139353279,131967221,134228314,176950829,187376535,150083038,208495848,149921566,136359091,170113386,182609446,135550486,173944223,167985837,162384367,187439212,182600701,143480452,191572165,158219662,151421784,209668318,196717497,146252063,207098055,190012384,188220836,208817943,221293063,205826533,193968597,148588502,192590734,228203849,215595690,164239359,209111955,168057680,207490738,218657313,225213241,204276573,220059732,188609454,208109776,254733987,275888549,160042651,215300875,216939605,213738393,202218674,255029244,221543516,182013531,190564001,198804945,213171242,269598911,187794887,219756544,224126149,214344592,154522339,283380628,236134702,193154221,207216091,216619729,267855299,274552169,209377318,181382643,217732796,208146337,248299291,292409250,233179077,163603250,176864346,221105368,232334750,271042728,199069792,261916974,223837959,174197693,254086704,225933402,221206967,182606213,169468492,198896632,248164412,241474502,181724909,205670650,170779124,136877626
26,貿易百貨,12877135,14385824,12802858,12939983,14411231,13872540,14246052,13475758,12637126,14147324,13870195,13272448,13659979,13630729,12165763,12560066,13147290,12892838,14391519,14412967,12884869,14425169,13984954,12424462,14407427,11283033,11929163,12441548,13243468,12214067,13135615,13138284,12285631,14625251,14091248,13106449,13432226,13993634,13272574,13546357,14192505,13712406,15348296,15021715,14246834,17175795,14860572,14065685,15668853,15140599,13890924,15009538,15266163,15149490,16065459,15700192,15721052,19485555,16380760,17075488,21271796,15849835,16408114,17369389,20019681,19393552,20927932,21413936,19476956,24443160,21733289,21571499,52248736,35823374,41224838,36817946,37397121,34888870,42114269,37383977,44030583,39907174,43467716,121332482,55603962,37470126,45649794,37446092,41102729,43905272,45255420,44051730,47145347,40812164,46641129,55306153,49831225,44225121,48453184,45325927,40869284,41025257,38739936,48692096,46977304,43002610,44171823,50380653,51716233,42318713,54974622,42547344,41836454,47096396,49451519,48846930,50496878,40753607,42801683,49912683,65568946,47711990,54830847,42993907,47180800,43603956,50394008,49430476,48926201,48126811,51153772,79096663,70912550,41009488,54654862,40733900,49277069,57048782,50460960,51174225,49330658,58383998,49138073,56872671,62008973,50644673,54280344,50362865,54475299,45400326,53565321,56114142,47391702,57606167,55186539,65748564,60811902,46151227,52849646,40111240,56222605,52383558,55262372,53423831,53109068,53723063,62663435,64990994,62704335,49552610,54783800,58218764,54659369,49407418,48694614,55580059,46898672,53472719,59470850,63469614,63148521,51310285,64654275,66106674,44824604
27,其他,15171912,13944794,16074544,15073977,15398445,15491420,16061210,17354902,16288295,17311243,17134541,18587491,16292788,14318514,16977543,15881948,15777890,15995898,16239237,17018793,15946797,15851580,14554522,15719734,12844824,13023632,14148973,13620820,13353861,14063783,14346014,13267881,15650116,16029782,15934934,17521459,15817607,13379345,16761456,16483653,15502251,16427128,16762569,17488788,17901892,18212432,18218491,20105440,17756483,13602404,18580877,17277831,17715027,17819727,19808812,21671957,21762106,20859151,20889663,23033232,18019461,20130755,22029796,19237403,20297478,20766350,21766711,22923402,21505915,22080244,23591048,23683096,60245245,44837247,58664919,60015162,60412503,58443081,63360011,59610674,61214567,62398816,58474060,67617762,62472142,51738303,67196632,66756692,65397870,67588134,68168682,66550144,66300706,64819090,65176753,75142186,68835086,56961290,69804174,72203173,69402325,70375171,70678042,68189846,68813082,67022646,62818323,69286573,64726253,51868925,65890639,64743799,66893134,68457750,61922038,66308114,62957270,62450478,64313614,69328562,61324918,53194771,68742879,71200191,65964053,66512372,64852856,68285203,71941988,67519478,70155158,75482507,67920006,56522470,73915966,70681207,75172237,70571725,73469566,74426901,72360985,76776729,75847654,80845318,75518413,58589556,76553307,75655833,77305539,75417881,76188550,78133826,77199160,75343388,76119750,81740619,69519956,52155629,68352613,67354193,70013813,72601209,71871064,71950514,76489951,73782238,74724155,83201073,82272871,67367157,87563354,81114180,79487267,82727128,76859873,70495189,69699274,75323428,81235742,93983394,90687222,73982269,92703630,86955606,89333545
